Date,SPY,QQQ,VGK,EWJ,SCZ,EEM,VNQ,REM,GLD,IEF,TLT,TIP,DBC,BWX,RWX,BIL
2003-01-31,86.06,20.61663246154785,,27.08,,,,,,43.291812896728516,39.724098205566406,,,,,62.9200343245092
2003-02-28,84.9,21.2239990234375,12.557545035038958,27.36,9.366123849281092,7.798573693266894,11.890945908315915,30.676119345800284,38.204402197840054,44.10202407836914,40.81121826171875,48.452268761037004,12.547906767088172,15.644891089076864,7.670366336228159,62.98138135797559
2003-03-31,84.74,21.299915313720703,12.454055341603297,25.84,9.29655928667677,7.555548667907715,12.177946566836635,30.57636546556322,36.076262307311524,43.95633316040039,40.24374008178711,48.767882283881285,11.134266431186962,15.69738754964847,7.572875429672092,63.04068882542102
2003-04-30,91.91,23.1557559967041,14.184265927644772,25.64,10.169759550465747,7.555548667907715,12.73026632631937,32.84228602944663,36.19079220787636,44.01157760620117,40.64546585083008,48.24579197311918,10.60810834291052,15.965549033733604,7.870243925688619,63.10005214073162
2003-05-31,96.95,25.12967872619629,15.144427516825813,27.16,11.038008831837441,8.244827270507812,13.489565506253905,34.34265180043272,39.02868318526434,45.6305046081543,43.169189453125,49.20220327019493,11.425414567967612,16.7105636127122,8.718076112787333,63.156316353890425
2003-06-30,97.63,25.264659881591797,15.27214008200512,29.08,11.623609993842312,8.590899467468262,13.841061995778656,35.36728606773273,36.82857685488139,45.37071228027344,42.43526840209961,49.93967747971798,11.45959736641124,16.45443819778478,8.829774199547131,63.20473619642841
2003-07-31,99.39,26.825241088867188,15.436854030082472,30.4,11.979147970743812,9.078119277954102,14.619261767914045,36.30225224338164,38.05397558633608,42.887203216552734,38.214881896972656,48.95158795298015,11.538513786190077,15.949588922331328,8.89442416979872,63.25213974857572
2003-08-31,101.44,28.166507720947266,15.351677739461385,33.2,12.768023067967565,9.803223609924316,14.753780906393528,36.54246072369279,40.18405877589358,43.143733978271484,38.68501663208008,48.523461784191895,11.92573693918429,15.871524931509855,9.198977703060773,63.30221435921002
2003-09-30,99.95,27.348251342773438,15.712616018944328,35.04,13.526536560437378,9.739456176757812,15.322251439313105,33.825240357487225,41.29814744490081,45.26390838623047,40.98521041870117,49.07605902561577,11.555734575219924,16.872037868712475,9.779556137937293,63.35180109379142
2003-10-31,105.3,29.676485061645508,16.80687810993263,36.96,14.60441743798195,10.633655548095703,15.628459179544004,35.69768373286937,41.41920538976471,44.63323974609375,39.75436782836914,49.57521421832355,11.770383821218674,16.745551969427503,10.184188090900342,63.40037080796332
2003-11-30,106.45,29.845186233520508,17.480378973380937,35.84,14.534868660922605,10.833561897277832,16.366278543360544,37.06973031441531,42.434063809636164,44.87492370605469,39.89226531982422,50.10812759399414,12.023272581795878,17.086096133380305,10.52749652516332,63.44950609533949
2003-12-31,111.28,30.7562255859375,18.53706428007026,38.56,15.414446161473604,11.745670318603516,16.931853035140424,38.0986733029014,44.22270216153407,45.215572357177734,40.20651626586914,50.10812759399414,12.631915126120768,17.027103729974023,11.161404257477507,63.497093224911
2004-01-31,113.48,31.283035278320312,19.098739524883012,38.64,16.19356616462631,12.092833518981934,17.727118627580893,40.44057410331888,42.88873448435059,46.40846252441406,41.349395751953125,50.77747344970703,12.686918223032574,17.77465462650263,11.731296189562267,63.5436577599426
2004-02-29,115.02,30.8610782623291,19.72640276647916,38.84,16.64616222493855,12.571075439453125,18.079103353016265,42.31663282394557,42.15897060480143,47.01594543457031,42.11896514892578,51.867496490478516,13.44703641360293,17.85096360953413,12.248919126306513,63.592904094706554
2004-03-31,113.1,30.245058059692383,19.04721304658701,43.48,17.313931386047027,12.640218734741211,19.144578557981554,41.53981494090181,45.565733928010445,47.62980651855469,42.717445373535156,52.730613708496094,13.677552410863244,18.086159069806733,12.53582690403767,63.642718536247415
2004-04-30,110.96,29.342073440551758,18.70347711105464,40.56,16.772048029349502,11.401406288146973,16.36532729493467,35.577124249046584,41.45187691315908,45.558387756347656,40.0590934753418,49.94392013549805,13.992932113249514,17.248272248287066,11.791390416177777,63.6925719991008
2004-05-31,112.86,30.844205856323242,19.072976418633004,39.96,16.487683451423646,11.534646987915039,17.59183851466033,37.57101729052473,41.87233578915246,45.30349349975586,39.95576095581055,50.926513671875,14.52230515749194,17.447450394049714,12.20269072815002,63.746710685300044
2004-06-30,114.53,31.848447799682617,19.500167346347894,42.48,17.370875195694477,11.641244888305664,18.145601057564036,37.920908021541315,42.045705348967424,45.59209442138672,40.37709045410156,50.7879638671875,14.00102323397875,17.468125285046526,12.433070335098677,63.81417595410865
2004-07-31,110.84,29.443355560302734,18.782279149428646,39.36,16.568739727718956,11.217741012573242,18.297710906575237,37.13621371980635,41.59764316305144,46.14834976196289,40.98963165283203,51.335044860839844,14.876646653795687,17.312023269073368,12.570042977149974,63.88490333245779
2004-08-31,111.11,28.70915985107422,18.988007028889527,39.92,16.67707115971534,11.613876342773438,19.825544357299805,40.06064737451725,43.35469694049663,47.455562591552734,42.70211410522461,52.65148162841797,14.438719657561558,17.726444974494875,12.970463532879444,63.9636947132345
2004-09-30,111.76,29.654312133789062,19.57127140473934,38.8,17.062097480298934,12.424144744873047,19.825544357299805,39.91493040453667,44.40373119720766,47.61625289916992,43.10378646850586,52.7586669921875,15.89655628931941,17.946266121825154,13.343715403663682,64.05164479346519
2004-10-31,113.2,31.139556884765625,20.38507632363737,39.72,17.786082720682558,12.77778434753418,20.949968338012695,39.37677606855055,45.119998931884766,48.09237289428711,43.85992431640625,53.55417251586914,16.437808228227304,18.59071811928256,13.873433933290515,64.14558720582892
2004-11-30,117.89,33.01300811767578,21.625028787920076,41.24,19.102129286076796,14.049010276794434,21.77850341796875,41.1361729613731,45.119998931884766,47.13777160644531,42.80909729003906,53.29487228393555,15.829921070562275,19.37938539897451,15.133850546691779,64.25623834375898
2004-12-31,120.87,33.688114166259766,22.058901355279723,43.68,20.046165695331393,14.538050651550293,22.311124801635742,42.3556866622266,43.79999923706055,47.53443908691406,43.7810173034668,53.88417434692383,14.599932529965901,19.04630666174304,16.01014182193077,64.37350597873633
2005-01-31,118.16,31.863813400268555,22.106040759656416,42.36,20.43240090038509,14.637768745422363,20.861536026000977,41.170207297138965,42.220001220703125,48.25129699707031,45.70261001586914,54.32410430908203,15.398629612121,19.094192896354784,15.799260061670237,64.49849786951171
2005-02-28,120.63,31.7104434967041,23.069622039794922,43.24,21.245991384239854,16.055028915405273,21.523176193237305,40.870910466364286,43.529998779296875,47.44609832763672,44.86041259765625,53.95444869995117,16.175855950312656,19.472185445466955,16.11049985487602,64.63501969000218
2005-03-31,117.96,31.156652450561523,23.069622039794922,41.96,20.87623355831759,14.785035133361816,20.90591049194336,38.146093956553386,42.81999969482422,47.269081115722656,44.6846809387207,54.15543746948242,17.162765393472778,19.043934149094643,15.45966921922782,64.78260298496102
2005-04-30,115.75,29.802021026611328,22.573095321655273,41.0,20.365923184662112,14.600591659545898,22.376338958740234,37.74035335790698,43.349998474121094,48.42979049682617,46.38564682006836,54.962615966796875,15.9564298867938,19.32059779680714,15.702911374335399,64.93268268187617
2005-05-31,119.48,32.443153381347656,22.633995056152344,40.48,20.349705034127417,15.062073707580566,23.164255142211914,37.86095125580851,41.650001525878906,49.330535888671875,47.84702682495117,55.31918716430664,15.884053656963086,18.783419347782637,15.907913411436393,65.08635669755661
2005-06-30,119.18,31.33557891845703,22.938472747802734,40.56,20.885916284900667,15.659887313842773,23.964441299438477,37.65632791193953,43.439998626708984,49.57057189941406,48.87767028808594,55.505760192871094,16.631663363252557,18.530986735665167,16.236258523498808,65.24744543038307
2005-07-31,123.74,33.75227355957031,23.57082748413086,41.0,21.823005453863285,16.862810134887695,25.958696365356445,36.50061805763454,42.81999969482422,48.48670959472656,47.236637115478516,54.09583282470703,17.37503463445777,18.38851088251579,16.532726240147216,65.42252607562126
2005-08-31,122.58,33.240596771240234,24.240671157836914,44.52,22.44474214501719,17.085905075073242,24.906156539916992,34.94255464837288,43.400001525878906,49.44879150390625,48.865509033203125,55.46110153198242,19.476763251515624,18.758395476762757,16.789178501863116,65.61007065037137
2005-09-30,123.04,33.64991760253906,24.5591983795166,48.76,23.356654327696962,18.564401626586914,24.951560974121094,32.11381903135521,46.70000076293945,48.58320999145508,47.110660552978516,55.51678466796875,19.504009548207847,18.408612037962335,17.427147616782776,65.79705935172494
2005-10-31,120.13,33.14682388305664,24.048620223999023,48.44,22.572614205753084,17.387725830078125,24.512596130371094,30.200831931716156,46.400001525878906,47.976139068603516,46.03432846069336,54.841575622558594,17.936658554812052,18.018235265824657,16.756647191226318,66.00048192688736
2005-11-30,125.41,35.167884826660156,24.2594051361084,49.84,23.290170611925785,18.393808364868164,25.531343460083008,30.2148793999865,49.099998474121094,48.26728820800781,46.329044342041016,54.87236785888672,17.41364644778893,17.74161167220504,17.105014933234575,66.21388348511765
2005-12-31,124.51,34.46005630493164,24.63882827758789,54.08,25.14850983454418,19.301469802856445,24.86749267578125,29.12898409444335,51.58000183105469,48.76054000854492,47.5172233581543,54.830204010009766,17.830392830274985,17.959745034582834,18.186614474398123,66.42852682408189
2006-01-31,127.5,35.902347564697266,26.884307861328125,56.08,26.86226672966668,22.287988662719727,27.46271324157715,31.922029055774704,56.70000076293945,48.751399993896484,47.28093338012695,55.68793487548828,18.46367645263672,18.120646546534754,19.2533472052411,66.66324095219365
2006-02-28,128.23,35.133018493652344,26.79776954650879,55.2,26.515085835765255,21.429906845092773,27.972949981689453,30.09558157198167,56.06999969482422,48.5466423034668,47.635520935058594,55.68793487548828,18.46367645263672,18.147385676485502,19.77617050565045,66.90933941670883
2006-03-31,129.83,35.84251403808594,27.874502182006836,57.6,27.77919652249961,21.89433479309082,29.122058868408203,30.09558157198167,58.099998474121094,47.88508987426758,45.46034622192383,54.496761322021484,18.97897720336914,18.000670564040057,20.315916426862966,67.16080701734997
2006-04-30,131.47,35.79922103881836,29.330951690673828,59.2,28.975003369582613,23.32077980041504,28.295656204223633,30.09558157198167,65.08999633789062,47.58622360229492,44.19696807861328,54.090728759765625,20.310836791992188,18.55591338886545,20.91989800923456,67.41825677758314
2006-05-31,127.51,33.20731735229492,28.47054100036621,56.0,27.282119841085613,20.72220802307129,27.532304763793945,29.53180796305752,64.2300033569336,47.51385498046875,44.10615921020508,54.26003646850586,20.231557846069336,18.727406637878534,20.316725184868204,67.68343525424163
2006-06-30,127.23,33.16453170776367,28.758956909179688,54.56,26.661986962688704,20.766443252563477,28.593229293823242,30.40440964635763,61.22999954223633,47.622135162353516,44.62382888793945,54.45914840698242,20.057146072387695,18.512821486853586,20.59088776382258,67.95360496663147
2006-07-31,127.85,31.757360458374023,29.056968688964844,54.28,25.91979315269952,21.25298309326172,30.022729873657227,30.05177636221757,63.15999984741211,48.40977478027344,45.59326934814453,55.280426025390625,20.501102447509766,18.66803078884238,21.447040104881303,68.23391358711883
2006-08-31,130.64,33.27247619628906,29.999082565307617,54.84,26.633926022480775,21.58913803100586,31.068805694580078,29.14693030252282,62.290000915527344,49.261695861816406,46.98155975341797,56.19926071166992,19.819316864013672,18.748373409393704,22.09424922656267,68.51594709661225
2006-09-30,133.58,34.79612350463867,30.335573196411133,54.16,26.719760929918696,21.401161193847656,31.382633209228516,30.28763341350628,59.470001220703125,49.86347961425781,47.88181686401367,56.25938034057617,18.986906051635742,18.634623255673365,22.818554322748795,68.79058185122452
2006-10-31,137.79,36.469154357910156,31.455549240112305,55.24,27.688965615198253,22.91164779663086,33.58916091918945,31.635017944234548,60.2400016784668,50.13111877441406,48.28791427612305,56.281429290771484,19.17717170715332,18.87236081627086,23.942390049407734,69.07262323681452
2006-11-30,140.53,37.719635009765625,32.638004302978516,55.24,28.86910865335315,24.282806396484375,35.19512939453125,31.95486529214931,64.38999938964844,50.79375457763672,49.408287048339844,56.82283020019531,20.43768310546875,19.44779733771262,25.082273483276367,69.35697220247276
2006-12-31,141.62,36.9659309387207,32.762996673583984,56.84,29.816002303770073,25.249250411987305,33.87956619262695,32.13702920236772,63.209999084472656,50.00575256347656,47.91901779174805,55.826045989990234,19.486352920532227,19.134022979112455,25.082273483276367,69.63728996512442
2007-01-31,143.75,37.79132080078125,34.168487548828125,57.24,30.42535784591274,25.637760162353516,37.57957077026367,32.83385055382672,64.83000183105469,50.130523681640625,47.78154373168945,55.9560432434082,19.484344482421875,18.781815699501085,25.49462890625,69.9262847184797
2007-02-28,140.93,37.15675354003906,33.744022369384766,59.04,30.918418332207615,24.807836532592773,36.565616607666016,29.058047234659146,66.4800033569336,50.966896057128906,49.200496673583984,57.06348419189453,20.4752140045166,19.200515024537022,26.140907287597656,70.219392395258
2007-03-31,142.0,37.32826232910156,35.00257110595703,58.28,31.889737325664584,26.131210327148438,35.60100555419922,27.500942589664064,65.73999786376953,50.92166519165039,48.376102447509766,57.09173583984375,20.613285064697266,19.335374365503956,26.842710494995117,70.50846222728516
2007-04-30,148.29,39.436885833740234,37.01626205444336,57.12,33.06063316364452,27.104686737060547,35.76176452636719,28.044572830200195,67.08999633789062,51.200653076171875,48.81937789916992,57.419288635253906,20.767601013183594,19.57611257563522,27.31536865234375,70.79460906982422
2007-05-31,153.32,40.68110656738281,37.80594253540039,58.4,33.27973847064321,28.477413177490234,35.62640380859375,28.044572830200195,65.54000091552734,50.49249267578125,47.69183349609375,56.65733337402344,20.718870162963867,19.18088044708568,27.808744430541992,70.79460906982422
2007-06-30,150.43,40.84410858154297,37.67268371582031,58.04,33.18417465710675,29.524911880493164,32.01639175415039,25.1956844329834,64.2699966430664,50.24363327026367,47.19606399536133,56.49722671508789,20.873186111450195,19.08487119324301,25.8550968170166,71.10368347167969
2007-07-31,145.72,40.815948486328125,36.6016845703125,57.72,33.03322014920079,29.735755920410156,29.73982810974121,19.707521438598633,65.79000091552734,51.38595962524414,48.76670837402344,57.80122375488281,21.271156311035156,19.570088561897755,24.508169174194336,71.07278442382812
2007-08-31,147.59,41.966651916503906,36.70038604736328,56.28,31.295508567222843,30.0452938079834,31.745637893676758,17.388986587524414,66.5199966430664,52.54681396484375,49.63536071777344,58.276451110839844,20.865062713623047,19.694341276000713,24.71278190612793,71.40338897705078
2007-09-30,152.58,44.147850036621094,38.595611572265625,57.36,31.6223355533944,33.52197265625,32.65028381347656,17.473819732666016,73.51000213623047,52.58945846557617,49.7395133972168,59.026611328125,22.830554962158203,20.324209213256836,25.77590560913086,71.55152893066406
2007-10-31,154.65,47.281070709228516,40.42668914794922,57.44,33.58655318244531,37.5010986328125,33.6816520690918,17.440675735473633,78.62000274658203,53.17040252685547,50.65225601196289,59.73179626464844,24.77168083190918,20.324209213256836,26.621257781982422,71.85926818847656
2007-11-30,148.66,44.08489227294922,38.90656280517578,56.28,31.131471633911133,34.63227462768555,30.49168586730957,16.978315353393555,77.31999969482422,55.33255386352539,53.33652114868164,62.251102447509766,24.61736297607422,20.653060913085938,24.414630889892578,72.15774536132812
2007-12-31,146.21,44.0075569152832,36.92741394042969,53.16,31.131471633911133,33.71263885498047,28.37273406982422,17.323625564575195,82.45999908447266,55.16641616821289,52.81044387817383,61.918739318847656,25.63259506225586,20.594459533691406,23.058259963989258,72.14369201660156
2008-01-31,137.37,38.81553268432617,34.67820739746094,50.88,27.905088424682617,31.0986270904541,28.615922927856445,19.071739196777344,91.4000015258789,57.42024230957031,54.35056686401367,64.71690368652344,27.03349494934082,21.129793167114258,22.04901695251465,72.85169982910156
2008-02-29,133.82,36.9405517578125,34.576358795166016,50.12,27.801191329956055,31.71885108947754,27.705547332763672,17.862171173095703,96.18000030517578,57.95018768310547,53.91569519042969,65.30152893066406,30.046466827392578,21.729890823364258,21.706037521362305,72.78826904296875
2008-03-31,131.97,37.60281753540039,35.02957534790039,49.48,28.33289337158203,30.528406143188477,29.2775936126709,13.478968620300293,90.41000366210938,58.727516174316406,55.05619812011719,65.23982238769531,29.771804809570312,22.353940963745117,21.579452514648438,73.00261688232422
2008-04-30,138.26,40.63624572753906,36.46558380126953,53.12,28.876815795898438,33.318180084228516,31.384353637695312,15.24096393585205,86.6500015258789,57.29017639160156,53.6582145690918,63.88176345825195,31.569599151611328,21.82988739013672,22.760915756225586,72.98197174072266
2008-05-31,140.35,43.04635238647461,36.71000289916992,54.16,29.48796272277832,34.3723030090332,31.318151473999023,15.61314582824707,87.44999694824219,56.28606033325195,52.248504638671875,64.42918395996094,33.750247955322266,21.4912166595459,22.337970733642578,73.077392578125
2008-06-30,127.98,38.88029098510742,33.41022491455078,49.88,26.88446617126465,30.832843780517578,27.625030517578125,12.486801147460938,91.4000015258789,56.909664154052734,53.63424301147461,65.34566497802734,37.27093505859375,21.402748107910156,19.270599365234375,73.25932312011719
2008-07-31,126.83,39.15720748901367,32.447792053222656,48.0,25.403457641601562,29.469669342041016,28.865711212158203,12.44779109954834,90.08000183105469,57.331050872802734,53.438690185546875,65.012451171875,33.62540817260742,21.716670989990234,19.423988342285156,73.3824462890625
2008-08-31,128.79,39.7257194519043,31.2001953125,45.64,24.488231658935547,27.608428955078125,29.55093765258789,12.101308822631836,81.70999908447266,58.19911575317383,54.901119232177734,65.38604736328125,31.4281005859375,20.796215057373047,18.401885986328125,73.42408752441406
2008-09-30,115.99,33.51533889770508,27.177322387695312,42.64,20.88921356201172,23.555057525634766,29.13405418395996,11.331343650817871,85.06999969482422,58.12567901611328,55.71127700805664,62.826507568359375,28.207056045532227,20.30169677734375,15.85495376586914,73.80207061767578
2008-10-31,96.83,28.34906768798828,21.244850158691406,36.0,15.923534393310547,17.5301456451416,20.150354385375977,10.238847732543945,71.33999633789062,57.61675262451172,54.705780029296875,57.730472564697266,21.132404327392578,19.293798446655273,11.978931427001953,73.63082122802734
2008-11-30,90.09,25.099580764770508,19.67644691467285,34.64,14.748597145080566,15.820560455322266,15.572717666625977,9.520452499389648,80.30999755859375,62.07097625732422,62.49296951293945,58.700294494628906,18.518943786621094,19.79597282409668,10.818870544433594,73.61920166015625
2008-12-31,90.24,25.633974075317383,19.53386878967285,38.32,15.898801803588867,17.213041305541992,17.694063186645508,9.64802074432373,86.5199966430664,65.0509262084961,70.83229064941406,62.51789474487305,17.636693954467773,21.464584350585938,11.382088661193848,73.63034057617188
2009-01-31,82.83,25.08422088623047,18.170846939086914,33.72,14.18074893951416,15.833578109741211,14.988816261291504,9.504973411560059,91.30999755859375,62.96356201171875,61.98836898803711,62.492679595947266,17.1201114654541,20.115243911743164,10.017509460449219,73.86195373535156
2009-02-28,73.93,23.7635555267334,16.2850341796875,29.48,12.864938735961914,14.840922355651855,11.912267684936523,8.353923797607422,92.62999725341797,62.325225830078125,60.871028900146484,61.11935043334961,16.15631103515625,19.397829055786133,8.672507286071777,73.8458480834961
2009-03-31,79.52,26.17184066772461,17.538578033447266,31.6,14.112147331237793,17.343534469604492,12.106736183166504,8.74231243133545,90.27999877929688,64.40105438232422,63.33332061767578,64.72903442382812,16.908750534057617,20.322656631469727,9.359853744506836,73.84263610839844
2009-04-30,87.42,29.638994216918945,19.847736358642578,34.04,16.05779266357422,20.04188346862793,16.1342716217041,9.107515335083008,87.2699966430664,62.61978530883789,58.9251594543457,63.27383041381836,16.891843795776367,20.55118751525879,10.78179931640625,73.88610076904297
2009-05-31,92.53,30.590063095092773,22.679201126098633,37.48,18.614564895629883,23.236562728881836,16.556316375732422,9.157637596130371,96.19999694824219,61.31086349487305,56.73816680908203,64.43412780761719,19.639516830444336,21.654205322265625,12.477130889892578,73.8990478515625
2009-06-30,91.95,31.45468521118164,22.14589500427246,37.72,18.701868057250977,22.5305118560791,15.768157005310059,9.372435569763184,91.18000030517578,60.970211029052734,57.15226364135742,64.72806549072266,19.123798370361328,21.765687942504883,12.425236701965332,73.89098358154297
2009-07-31,98.81,34.15100860595703,24.658475875854492,39.48,20.52916145324707,25.215696334838867,17.753225326538086,10.379664421081543,93.3499984741211,61.489288330078125,57.483489990234375,64.77306365966797,19.4788818359375,22.44662094116211,13.805196762084961,73.84907531738281
2009-08-31,102.46,34.65311813354492,26.01097869873047,40.88,21.842632293701172,24.884471893310547,20.29604148864746,10.816710472106934,93.4000015258789,61.951534271240234,58.75699234008789,65.29136657714844,18.692625045776367,22.617843627929688,14.903485298156738,73.8990249633789
2009-09-30,105.59,36.574920654296875,27.26451873779297,39.76,22.91613006591797,27.42154312133789,21.422744750976562,11.006096839904785,98.8499984741211,62.653663635253906,60.211978912353516,66.29061889648438,18.650352478027344,23.266918182373047,15.463567733764648,73.91838836669922
2009-10-31,103.56,35.492488861083984,26.560787200927734,38.2,22.341495513916016,26.4771785736084,20.66854476928711,10.502579689025879,102.52999877929688,62.57146072387695,58.64064025878906,67.63013458251953,19.943872451782227,23.2947940826416,15.254091262817383,73.92155456542969
2009-11-30,109.94,37.74544906616211,27.76483726501465,38.24,22.556190490722656,28.55617332458496,22.025569915771484,11.067471504211426,115.63999938964844,63.4731559753418,59.345680236816406,69.3263931274414,20.848491668701172,23.999603271484375,15.559261322021484,73.89256286621094
2009-12-31,111.44,39.64310073852539,26.65424156188965,38.96,22.613025665283203,29.246828079223633,23.351272583007812,10.93367862701416,107.30999755859375,60.94124984741211,55.38442611694336,67.81250762939453,20.814674377441406,22.629802703857422,15.431002616882324,73.91028594970703
2010-01-31,107.39,37.14009094238281,25.96213150024414,39.36,22.414724349975586,27.203357696533203,22.34673309326172,11.225319862365723,105.95999908447266,62.641117095947266,57.26030349731445,69.1441421508789,19.182979583740234,22.40081787109375,14.997931480407715,73.916748046875
2010-02-28,110.74,38.84996795654297,25.81930160522461,39.76,22.2804012298584,27.686601638793945,23.594385147094727,11.517086029052734,109.43000030517578,62.641117095947266,56.863304138183594,68.1084976196289,19.977689743041992,22.388813018798828,15.231571197509766,73.90066528320312
2010-03-31,117.0,41.80105209350586,27.499069213867188,41.76,23.924394607543945,29.932228088378906,25.80421257019043,11.601542472839355,108.94999694824219,62.01753234863281,55.713382720947266,68.23651123046875,19.88469123840332,22.450952529907227,15.761756896972656,73.90066528320312
2010-04-30,118.8125,42.78404998779297,26.453493118286133,41.56,24.071517944335938,29.88248062133789,27.856786727905273,12.032788276672363,115.36000061035156,63.03242492675781,57.53252029418945,69.65775299072266,20.66249656677246,22.12598419189453,15.95807933807373,73.86837768554688
2010-05-31,109.369,39.62129211425781,23.345359802246094,38.04,21.071380615234375,27.075448989868164,26.370731353759766,11.633517265319824,118.87999725341797,64.87096405029297,60.485870361328125,69.98173522949219,18.565807342529297,21.319583892822266,14.18445873260498,73.90066528320312
2010-06-30,103.22,37.11022186279297,22.962549209594727,36.8,20.80271339416504,26.521146774291992,24.762182235717773,11.04636001586914,121.68000030517578,66.86282348632812,63.99885177612305,70.62454986572266,18.236085891723633,21.56431007385254,14.067119598388672,73.916748046875
2010-07-31,110.27,39.9576301574707,26.21924591064453,38.52,23.155986785888672,29.61537742614746,27.39421272277832,11.853217124938965,115.48999786376953,67.484619140625,63.41426086425781,70.62792205810547,19.352066040039062,22.880237579345703,16.002573013305664,73.8845443725586
2010-08-31,105.31,37.90784454345703,25.019412994384766,37.52,22.111061096191406,28.656810760498047,27.044742584228516,11.418978691101074,122.08000183105469,69.74698638916016,68.72299194335938,72.05900573730469,18.768714904785156,23.273422241210938,16.130035400390625,73.8845443725586
2010-09-30,114.13,42.8011589050293,27.836170196533203,39.54,24.755626678466797,32.026092529296875,28.00179100036621,11.716509819030762,127.91000366210938,69.75452423095703,67.00829315185547,72.73619842529297,20.383499145507812,24.055744171142578,17.523151397705078,73.8845443725586
2010-10-31,118.49,45.62041473388672,29.195972442626953,40.08,25.871492385864258,32.9918098449707,29.59383201599121,12.129212379455566,132.6199951171875,69.7590560913086,63.965450286865234,74.46420288085938,21.28812026977539,24.56927490234375,18.547739028930664,73.90066528320312
2010-11-30,118.4925,45.541748046875,26.916290283203125,41.08,24.981374740600586,32.03324508666992,29.04589080810547,12.302488327026367,135.4199981689453,69.13067626953125,62.91889190673828,73.12710571289062,21.19512176513672,22.888256072998047,17.40888214111328,73.90066528320312
2010-12-31,125.75,47.61381530761719,28.047563552856445,43.64,27.226015090942383,34.079139709472656,30.038686752319336,12.863572120666504,138.72000122070312,66.57767486572266,60.36780548095703,71.98234558105469,23.291805267333984,23.45394515991211,17.877277374267578,73.8845443725586
2011-01-31,128.68,49.05728530883789,30.458641052246094,43.72,28.027555465698242,33.04450988769531,31.354888916015625,13.054280281066895,129.8699951171875,66.90381622314453,58.911678314208984,72.2909164428711,24.12033462524414,23.797649383544922,19.048091888427734,73.8845443725586
2011-02-28,133.15,50.60783386230469,31.41009521484375,46.12,28.667247772216797,33.030094146728516,32.830223083496094,13.526835441589355,137.66000366210938,66.59716033935547,59.67378234863281,72.70098114013672,25.12640380859375,23.955137252807617,19.61785888671875,73.8845443725586
2011-03-31,132.59,50.30998611450195,31.08697509765625,41.26,28.581512451171875,35.107547760009766,32.06788635253906,12.809569358825684,139.86000061035156,66.50701904296875,59.7088623046875,73.49198913574219,25.794301986694336,24.15699577331543,19.17088508605957,73.8845443725586
2011-04-30,136.43,51.828453063964844,33.67205810546875,42.12,30.26317596435547,36.06693649291992,34.157657623291016,13.299871444702148,152.3699951171875,67.7076187133789,61.04570007324219,75.02859497070312,26.969459533691406,25.33598518371582,20.467540740966797,73.8845443725586
2011-05-31,134.9,51.19681930541992,32.7146110534668,41.08,29.524566650390625,35.006568908691406,34.627235412597656,13.256711959838867,149.63999938964844,69.4120864868164,63.13065719604492,75.22715759277344,25.57448959350586,24.99278450012207,20.339187622070312,73.90066528320312
2011-06-30,131.97,50.0476188659668,32.032440185546875,41.72,28.77276039123535,34.3357048034668,33.20191955566406,12.712983131408691,146.0,69.06368255615234,61.702545166015625,75.48124694824219,24.48387336730957,24.9403018951416,19.93438148498535,73.90066528320312
2011-07-31,129.33,50.9951286315918,30.560367584228516,42.84,28.658761978149414,34.32208251953125,34.008514404296875,12.25753116607666,158.2899932861328,71.2610092163086,64.44192504882812,78.6335220336914,25.599851608276367,25.350431442260742,19.6816349029541,73.90066528320312
2011-08-31,122.22,48.410186767578125,27.723953247070312,39.4,26.300046920776367,31.145601272583008,32.09747314453125,12.142569541931152,177.72000122070312,74.57545471191406,70.67768096923828,79.27783966064453,25.49839973449707,25.592355728149414,18.788599014282227,73.90066528320312
2011-09-30,113.15,46.15057373046875,24.331008911132812,37.84,23.346641540527344,25.57217788696289,28.342283248901367,11.001713752746582,158.05999755859375,76.25812530517578,80.0363998413086,79.6694107055664,21.770017623901367,24.44768714904785,15.989768981933594,73.8845443725586
2011-10-31,125.5,51.0456657409668,27.352935791015625,37.6,25.083942413330078,29.732210159301758,32.70730972290039,12.038331031799316,167.33999633789062,75.29334259033203,77.00828552246094,81.20303344726562,23.435531616210938,24.968708038330078,17.64816665649414,73.85231018066406
2011-11-30,124.99,49.67151641845703,26.569034576416016,37.72,24.442481994628906,29.149370193481445,31.464061737060547,11.728252410888672,170.1300048828125,75.72909545898438,78.5363540649414,81.5005874633789,23.36789321899414,24.266324996948242,17.235401153564453,73.86837768554688
2011-12-31,125.5,49.178218841552734,24.79178237915039,36.44,23.226362228393555,27.641265869140625,32.62855911254883,11.545851707458496,151.99000549316406,77.10198974609375,80.99055480957031,81.71826934814453,22.691545486450195,24.253036499023438,16.022279739379883,73.85231018066406
2012-01-31,131.32,53.52228927612305,27.36314582824707,38.18,25.719446182250977,30.973377227783203,35.09470748901367,12.831683158874512,169.30999755859375,78.05770111083984,81.18329620361328,83.76100158691406,23.52853012084961,25.20912742614746,17.740615844726562,73.83940124511719
2012-02-29,137.02,56.95311737060547,28.847488403320312,39.96,27.072385787963867,32.60627365112305,34.690853118896484,13.039251327514648,164.2899932861328,77.06071472167969,78.88579559326172,83.2767333984375,24.788232803344727,25.23415756225586,18.61846351623535,73.85546875
2012-03-31,140.81,59.729591369628906,28.866273880004883,40.7,27.283145904541016,31.591232299804688,36.203861236572266,12.756199836730957,162.1199951171875,75.84794616699219,75.55316162109375,82.56098175048828,24.348602294921875,25.03994369506836,18.7919979095459,73.83940124511719
2012-04-30,139.87,59.131256103515625,28.14602279663086,38.96,27.072385787963867,31.054296493530273,37.538394927978516,13.614991188049316,161.8800048828125,77.74352264404297,79.18086242675781,83.8030776977539,24.018882751464844,25.3123779296875,19.209774017333984,73.85546875
2012-05-31,131.47,54.96833038330078,24.776525497436523,35.56,23.972185134887695,27.729671478271484,35.84693908691406,13.634441375732422,151.6199951171875,79.98435974121094,86.34221649169922,85.36444091796875,21.338844299316406,24.573522567749023,17.70998191833496,73.85546875
2012-06-30,136.105,56.828369140625,26.824539184570312,37.64,24.570470809936523,28.781492233276367,37.51543426513672,13.799769401550293,155.19000244140625,79.65413665771484,84.92302703857422,84.5330581665039,21.770017623901367,24.816612243652344,18.891326904296875,73.82331085205078
2012-07-31,137.71,57.52714157104492,26.912212371826172,35.96,24.668996810913086,29.118520736694336,38.58195877075195,14.788477897644043,156.49000549316406,80.7777099609375,88.15705871582031,86.33406829833984,23.03817367553711,25.147024154663086,19.799222946166992,73.82331085205078
2012-08-31,141.16,60.510005950927734,28.171077728271484,36.24,25.65685272216797,29.237619400024414,38.5761604309082,15.059371948242188,164.22000122070312,80.68295288085938,86.9981689453125,86.37625122070312,24.340147018432617,25.45701789855957,20.1173038482666,73.82331085205078
2012-09-30,143.97,60.8740119934082,28.3464412689209,36.68,26.73453140258789,30.76350975036621,37.55872344970703,15.07944107055664,171.88999938964844,80.40980529785156,84.79258728027344,86.81829833984375,24.247150421142578,25.976181030273438,20.466672897338867,73.82331085205078
2012-10-31,141.35,57.82474899291992,29.510103225708008,36.22,26.94178009033203,30.629535675048828,37.513633728027344,15.215291976928711,166.8300018310547,80.09819030761719,84.38526153564453,87.36023712158203,23.30025863647461,25.851177215576172,21.43335723876953,73.83940124511719
2012-11-30,142.155,58.58149337768555,30.240474700927734,37.3,27.335548400878906,31.105911254882812,37.41456985473633,14.75171947479248,166.0500030517578,80.87892150878906,85.54253387451172,87.6382827758789,23.756797790527344,25.88814353942871,21.738494873046875,73.82331085205078
2012-12-31,142.41,57.984989166259766,31.291194915771484,39.0,28.12306785583496,33.011417388916016,38.3410530090332,14.08212947845459,162.02000427246094,80.01262664794922,83.06792449951172,86.77557373046875,23.486257553100586,25.790925979614258,21.754281997680664,73.82331085205078
2013-01-31,149.7,59.86570358276367,32.89239501953125,39.88,29.87457847595215,33.12484359741211,40.258270263671875,15.982871055603027,161.1999969482422,79.188720703125,80.75743865966797,86.67366027832031,24.069608688354492,25.68442153930664,22.718042373657227,73.82331085205078
2013-02-28,151.61,60.07160949707031,31.775104522705078,40.84,30.268783569335938,32.36826705932617,40.7477912902832,16.217132568359375,153.0,79.97986602783203,81.57656860351562,86.83869934082031,22.936721801757812,25.017242431640625,22.832815170288086,73.82331085205078
2013-03-31,156.67,61.745723724365234,31.72989273071289,43.2,30.94455337524414,32.038658142089844,41.597068786621094,16.653703689575195,154.4499969482422,80.2201156616211,81.24039459228516,87.02536010742188,23.088899612426758,24.90120506286621,23.505008697509766,73.82331085205078
2013-04-30,159.68,63.45895004272461,33.33029556274414,46.8,32.04971694946289,32.428192138671875,44.741188049316406,17.231220245361328,142.77000427246094,81.43014526367188,85.0445327758789,87.65684509277344,22.209644317626953,25.611913681030273,25.30076789855957,73.80715942382812
2013-05-31,163.445,65.72916412353516,33.33678436279297,43.36,30.768571853637695,30.862590789794922,42.06670379638672,15.030789375305176,133.9199981689453,78.91045379638672,79.2982177734375,83.8226547241211,21.863014221191406,24.51004981994629,22.562728881835938,73.82331085205078
2013-06-30,160.42,63.95248031616211,31.234174728393555,44.88,29.522619247436523,28.840045928955078,40.8423957824707,13.859414100646973,119.11000061035156,76.8929443359375,76.68248748779297,80.63855743408203,21.245845794677734,24.071611404418945,21.893312454223633,73.80715942382812
2013-07-31,168.71,68.20553588867188,34.28126525878906,44.9,32.023765563964844,29.605976104736328,41.60500717163086,14.168149948120117,127.95999908447266,76.62116241455078,74.96012878417969,81.46218872070312,21.922195434570312,24.65049171447754,22.551939010620117,73.80715942382812
2013-08-31,163.65,67.93550109863281,33.778324127197266,43.48,31.80970573425293,28.854631423950195,38.70093536376953,13.654398918151855,134.6199951171875,75.52922821044922,73.9386978149414,80.03136444091797,22.539365768432617,24.38357925415039,21.638944625854492,73.80715942382812
2013-09-30,168.01,71.00509643554688,36.068138122558594,47.68,34.61391830444336,30.934099197387695,39.68496322631836,13.688645362854004,128.17999267578125,76.91429138183594,74.41122436523438,81.41156768798828,21.778472900390625,25.051631927490234,23.45379066467285,73.79106903076172
2013-10-31,175.79,74.74848937988281,37.716617584228516,47.62,35.648555755615234,32.22429275512695,41.85893249511719,14.2252197265625,127.73999786376953,77.51294708251953,75.47714233398438,81.73348999023438,21.770017623901367,25.346704483032227,24.179325103759766,73.77495574951172
2013-11-30,181.0,77.40293884277344,38.10188293457031,48.24,35.755584716796875,32.14080810546875,39.660911560058594,13.764434814453125,120.69999694824219,76.82840728759766,73.4321517944336,80.81900024414062,21.56711196899414,25.003677368164062,23.680606842041016,73.75881958007812
2013-12-31,184.69,79.41637420654297,39.05841827392578,48.556,36.37636947631836,31.723400115966797,39.09173583984375,13.610846519470215,116.12000274658203,75.0950698852539,71.80343627929688,79.66405487060547,21.69392967224121,24.907135009765625,23.08663558959961,73.75881958007812
2014-01-31,178.18,78.13787078857422,37.427703857421875,45.32,35.846675872802734,29.24561309814453,41.39859390258789,15.002808570861816,120.08999633789062,77.64814758300781,76.80648803710938,81.40411376953125,21.034486770629883,25.109786987304688,22.600257873535156,73.75881958007812
2014-02-28,186.29,81.82423400878906,40.17592239379883,46.44,38.13908386230469,30.23349380493164,43.495582580566406,15.642797470092773,127.62000274658203,77.79234313964844,77.01217651367188,81.75960540771484,22.09128189086914,25.66394805908203,23.745149612426758,73.77495574951172
2014-03-31,187.01,79.73554992675781,39.32210159301758,45.32,37.74856948852539,31.405147552490234,43.42793655395508,15.088956832885742,123.61000061035156,77.36296081542969,77.58587646484375,81.3243408203125,22.08283233642578,25.713886260986328,23.56769561767578,73.75881958007812
2014-04-30,188.31,79.66265106201172,40.979736328125,44.32,37.618408203125,31.650203704833984,45.1477165222168,15.982975006103516,124.22000122070312,77.9302749633789,79.20001983642578,82.39802551269531,22.328004837036133,25.967201232910156,24.607545852661133,73.75881958007812
2014-05-31,192.68,83.23604583740234,41.298030853271484,46.32,38.04505920410156,32.584476470947266,46.230918884277344,16.35467529296875,120.43000030517578,79.35055541992188,81.54792785644531,83.85619354248047,22.00674057006836,26.02315902709961,25.437211990356445,73.75881958007812
2014-06-30,195.72,85.60611724853516,40.60049057006836,48.16,38.26924133300781,33.10520935058594,46.32373809814453,16.200868606567383,128.0399932861328,79.1954574584961,81.33028411865234,83.87987518310547,22.471731185913086,26.43882179260254,25.489063262939453,73.7426986694336
2014-07-31,193.09,86.85072326660156,39.47881317138672,48.0,37.41495895385742,33.822471618652344,46.792724609375,16.21122932434082,123.38999938964844,79.00729370117188,81.87079620361328,84.02885437011719,21.40648078918457,26.067527770996094,25.651063919067383,73.72657775878906
2014-08-31,200.71,91.20149230957031,39.76788330078125,47.2,37.48809051513672,34.779563903808594,48.217124938964844,16.9063720703125,123.86000061035156,80.48908233642578,85.73306274414062,84.52951049804688,21.161304473876953,26.162015914916992,26.088491439819336,73.7426986694336
2014-09-30,197.02,90.29659271240234,38.00592803955078,47.08,35.46268844604492,32.078086853027344,44.88728332519531,15.463621139526367,116.20999908447266,79.65831756591797,83.95205688476562,82.45262145996094,19.631061553955078,24.998584747314453,24.152118682861328,73.7426986694336
2014-10-31,201.66,92.90267181396484,37.460994720458984,48.24,35.491939544677734,32.533485412597656,49.806617736816406,16.642784118652344,112.66000366210938,80.87407684326172,86.30018615722656,83.33595275878906,18.87016487121582,24.943622589111328,25.552326202392578,73.72657775878906
2014-11-30,207.2,97.12637329101562,38.23553466796875,46.48,35.01667022705078,32.03177261352539,50.8028678894043,17.032958984375,112.11000061035156,81.92454528808594,88.8658447265625,83.4686050415039,17.26383399963379,24.620027542114258,25.229318618774414,73.72657775878906
2014-12-31,205.54,94.59765625,36.24387741088867,44.96,34.15387725830078,30.325984954833984,51.073997497558594,15.754815101623535,113.58000183105469,81.91146087646484,91.57696533203125,82.54739379882812,15.598323822021484,24.166128158569336,24.413007736206055,73.71047973632812
2015-01-31,199.45,92.97296905517578,36.63007354736328,45.96,34.730010986328125,30.550783157348633,55.31734085083008,16.49236297607422,123.44999694824219,85.7074966430664,101.00733184814453,85.26039123535156,14.710614204406738,23.983150482177734,25.490934371948242,73.69437408447266
2015-02-28,210.66,99.68614959716797,38.86209487915039,49.4,37.14716720581055,31.89747428894043,53.28487777709961,16.789138793945312,116.16000366210938,83.45140075683594,94.61580657958984,84.1617431640625,15.361602783203125,23.723323822021484,26.272348403930664,73.69437408447266
2015-03-31,206.43,97.11124420166016,37.70088195800781,50.12,36.680049896240234,31.419876098632812,53.88567352294922,16.520626068115234,113.66000366210938,84.17145538330078,95.6561508178711,83.75621032714844,14.431620597839355,23.393043518066406,25.64483642578125,73.69437408447266
2015-04-30,208.46,99.2056884765625,39.52296829223633,51.44,38.2519416809082,33.5729866027832,51.03793716430664,16.842769622802734,113.47000122070312,83.63572692871094,92.3664779663086,84.32391357421875,15.463053703308105,23.85102653503418,26.341167449951172,73.67823791503906
2015-05-31,211.14,101.43627166748047,39.634857177734375,52.2,38.9044303894043,32.19498825073242,50.88363265991211,16.886255264282227,114.0999984741211,83.29576110839844,90.17874908447266,83.47598266601562,14.972698211669922,23.08036994934082,25.836088180541992,73.6621322631836
2015-06-30,205.85,98.68953704833984,37.74679946899414,51.24,37.829307556152344,31.02055549621582,48.0224609375,15.335333824157715,112.37000274658203,81.93193054199219,86.49773406982422,82.62068176269531,15.217877388000488,22.908618927001953,24.87346649169922,73.6621322631836
2015-07-31,210.5,103.42489624023438,39.36042022705078,51.72,38.596282958984375,29.27945327758789,51.30721664428711,16.162031173706055,104.93000030517578,83.17916870117188,90.42585754394531,83.06307220458984,13.298731803894043,22.86017608642578,25.410268783569336,73.6621322631836
2015-08-31,197.67,96.3666763305664,36.59765625,48.48,36.79622268676758,26.692258834838867,48.07942199707031,15.610883712768555,108.81999969482422,83.24503326416016,89.80397033691406,82.27408599853516,13.264915466308594,22.816137313842773,23.703834533691406,73.6621322631836
2015-09-30,191.63,94.0108642578125,34.928653717041016,45.72,35.82868957519531,25.856155395507812,49.06010818481445,14.806507110595703,106.86000061035156,84.55718994140625,91.57149505615234,81.61783599853516,12.808379173278809,22.93065071105957,23.637733459472656,73.62992858886719
2015-10-31,207.93,104.95453643798828,37.159027099609375,49.28,37.59123992919922,27.50470542907715,52.40389633178711,15.17414665222168,109.30000305175781,84.0228271484375,91.20570373535156,82.04341888427734,12.850650787353516,23.02752685546875,25.084863662719727,73.61376953125
2015-11-30,208.69,105.59351348876953,36.695247650146484,49.52,37.846248626708984,26.810571670532227,52.07592010498047,15.296387672424316,101.91999816894531,83.66325378417969,90.40504455566406,81.97100830078125,11.996759414672852,22.47264289855957,24.243867874145508,73.62992858886719
2015-12-31,203.87,103.59317779541016,35.58931350708008,48.48,37.463741302490234,25.390779495239258,52.298954010009766,14.60874080657959,101.45999908447266,83.15296173095703,89.95307159423828,81.14244079589844,11.295045852661133,22.73688316345215,23.66907501220703,73.61376953125
2016-01-31,193.7208,96.72894287109375,33.75113296508789,46.0,35.42886734008789,24.488719940185547,51.20701599121094,14.225448608398438,106.94999694824219,86.19190979003906,95.3670883178711,82.41488647460938,10.804693222045898,22.802928924560547,23.060016632080078,73.62992858886719
2016-02-29,193.56,95.21482849121094,32.66215515136719,43.56,34.82363510131836,24.288455963134766,51.020790100097656,14.586579322814941,118.63999938964844,87.34521484375,98.1240005493164,83.42108154296875,10.779329299926758,23.555978775024414,23.35830307006836,73.62992858886719
2016-03-31,205.52,101.43860626220703,34.76130294799805,45.64,37.67580795288086,27.436660766601562,55.73643493652344,15.183223724365234,117.63999938964844,87.29068756103516,98.03240966796875,84.81188201904297,11.235865592956543,24.546842575073242,25.239389419555664,73.62992858886719
2016-04-30,206.3308,98.49727630615234,35.92279052734375,45.68,38.122161865234375,27.548816680908203,55.035404205322266,15.87653923034668,123.6500015258789,87.14549255371094,97.29340362548828,84.98943328857422,12.3264799118042,24.921167373657227,25.887590408325195,73.6621322631836
2016-05-31,209.84,102.8016128540039,35.742671966552734,47.16,38.79548645019531,26.531452178955078,56.27288818359375,16.538732528686523,116.05999755859375,87.06416320800781,98.082763671875,84.44197082519531,12.436387062072754,24.251771926879883,25.496461868286133,73.6621322631836
2016-06-30,209.475,100.19293975830078,33.617286682128906,46.0,36.51072692871094,27.5247802734375,59.63566970825195,16.571033477783203,126.47000122070312,89.75039672851562,104.87958526611328,86.3136978149414,12.97746753692627,25.167783737182617,25.33146095275879,73.64603424072266
2016-07-31,217.12,107.64350891113281,35.476593017578125,48.24,38.91783905029297,29.234678268432617,62.73680877685547,17.619373321533203,128.97999572753906,89.97937774658203,107.10780334472656,86.5111312866211,12.07284927368164,25.44962501525879,26.452024459838867,73.67823791503906
2016-08-31,217.38,108.77383422851562,35.719085693359375,49.12,38.986839294433594,29.49302864074707,60.37528991699219,17.818462371826172,124.77999877929688,89.06946563720703,106.02373504638672,86.25321197509766,12.165846824645996,25.158966064453125,25.89118003845215,73.67823791503906
2016-09-30,216.3,110.90371704101562,35.8072624206543,50.16,40.182899475097656,30.23581314086914,58.862003326416016,17.43687629699707,125.63999938964844,89.28187561035156,104.42515563964844,86.9305191040039,12.690019607543945,25.401168823242188,25.70629119873047,73.69437408447266
2016-10-31,212.55,109.56143188476562,34.730072021484375,50.52,39.02518081665039,29.985519409179688,55.86608123779297,17.921741485595703,121.94000244140625,87.95147705078125,99.85260009765625,86.77296447753906,12.647746086120605,24.335453033447266,24.23524284362793,73.71047973632812
2016-11-30,220.38,110.03905487060547,33.91741180419922,49.89,38.036128997802734,28.661441802978516,54.92996597290039,18.173255920410156,111.75,84.22864532470703,91.64103698730469,84.9754867553711,12.859106063842773,22.943849563598633,23.520246505737305,73.67823791503906
2016-12-31,223.53,110.95684051513672,35.41714096069336,48.86,38.21247482299805,28.26583480834961,56.3922233581543,17.930269241333008,109.61000061035156,83.99403381347656,90.96829223632812,84.75829315185547,13.391731262207031,22.882192611694336,22.432209014892578,73.64603424072266
2017-01-31,227.53,117.00509643554688,36.640682220458984,50.57,40.26675033569336,30.491687774658203,57.46439743041992,18.542469024658203,115.55000305175781,84.4315414428711,92.13531494140625,85.69903564453125,13.315641403198242,23.216894149780273,24.439680099487305,73.72660827636719
2017-02-28,236.47,122.12413787841797,36.855953216552734,51.23,41.08375549316406,31.02248764038086,59.480567932128906,19.595077514648438,119.2300033569336,84.91380310058594,93.39350128173828,86.05181884765625,13.290279388427734,23.2873477935791,24.76413345336914,73.74274444580078
2017-03-31,235.74,124.34081268310547,38.28120040893555,51.5,42.12641143798828,32.16570281982422,57.61786651611328,19.699464797973633,118.72000122070312,84.99420928955078,92.80342864990234,86.05181884765625,12.859106063842773,23.4634952545166,24.76413345336914,73.73148345947266
2017-04-30,238.08,127.99723815917969,39.98893737792969,51.86,43.900489807128906,32.712833404541016,58.17949676513672,20.895402908325195,120.7699966430664,85.92512512207031,94.24542999267578,86.32200622558594,12.512476921081543,23.798194885253906,25.415266036987305,73.78311920166016
2017-05-31,241.44,132.98577880859375,41.95180892944336,53.29,45.33997344970703,33.64374542236328,57.75787353515625,20.588117599487305,120.62000274658203,86.63591766357422,96.0273666381836,86.19082641601562,12.334935188293457,24.256187438964844,26.047653198242188,73.78956604003906
2017-06-30,241.8,129.55029296875,41.153221130371094,53.65,45.00539016723633,33.79890441894531,58.48871612548828,20.654924392700195,118.0199966430664,86.19216918945312,96.78487396240234,85.46240234375,12.216573715209961,24.335453033447266,25.362010955810547,73.84928894042969
2017-07-31,246.77,135.17898559570312,42.91716384887695,54.76,47.16448974609375,35.93262481689453,59.77812194824219,21.125019073486328,120.75,86.51840209960938,96.15276336669922,85.82879638671875,12.715380668640137,25.04886245727539,26.44573402404785,73.8768081665039
2017-08-31,247.49,137.9820556640625,42.947452545166016,54.71,47.50357437133789,36.77762222290039,59.62201690673828,21.393054962158203,125.81999969482422,87.77483367919922,99.4197006225586,86.77713012695312,12.766109466552734,25.23383331298828,26.358373641967773,73.94945526123047
2017-09-30,251.23,137.2742156982422,44.150936126708984,55.71,48.89146041870117,36.76121139526367,58.94804382324219,21.279483795166016,121.58000183105469,86.51358795166016,97.1213150024414,86.15422058105469,13.01973819732666,24.7406063079834,25.793832778930664,74.00126647949219
2017-10-31,257.15,143.9119415283203,44.5313606262207,58.65,49.711570739746094,37.9671630859375,58.916114807128906,21.118181228637695,120.66999816894531,86.3504867553711,97.08729553222656,86.4999771118164,13.535456657409668,24.551494598388672,26.077733993530273,74.05471801757812
2017-11-30,265.01,146.74949645996094,44.50856018066406,59.91,50.168949127197266,37.81950759887695,60.48578643798828,21.20181655883789,121.0999984741211,86.10484313964844,97.79969024658203,86.44528198242188,13.662271499633789,25.06926727294922,26.714933395385742,74.09032440185547
2017-12-31,266.86,147.32647705078125,44.949310302734375,59.93,50.86289596557617,38.656288146972656,59.47517776489258,21.002023696899414,123.6500015258789,86.1319808959961,99.36971282958984,86.91594696044922,14.042719841003418,25.11035919189453,27.44703483581543,74.08221435546875
2018-01-31,281.9,160.56300354003906,47.733760833740234,62.94,54.141117095947266,42.49839401245117,57.82732009887695,20.18067169189453,127.6500015258789,84.53968811035156,96.53475952148438,86.67809295654297,14.45698356628418,25.889955520629883,28.662107467651367,74.29964447021484
2018-02-28,271.65,158.48724365234375,44.80006408691406,61.07,52.07441329956055,39.99163055419922,53.3874626159668,19.528751373291016,125.0,83.61488342285156,93.40425872802734,85.76615905761719,14.03426456451416,25.677600860595703,26.74039649963379,74.29154968261719
2018-03-31,263.15,151.776611328125,44.425716400146484,60.68,52.01856994628906,40.208168029785156,54.93049621582031,20.36281967163086,125.79000091552734,84.58721923828125,96.08155822753906,86.6481704711914,14.355530738830566,26.130815505981445,27.271934509277344,74.3939208984375
2018-04-30,264.51,152.7917938232422,45.602333068847656,60.64,52.3616828918457,39.075531005859375,55.92031478881836,20.856000900268555,124.58999633789062,83.49577331542969,94.06388092041016,86.31096649169922,14.845884323120117,25.399139404296875,27.950775146484375,74.45006561279297
2018-05-31,270.94,161.4595947265625,44.49681854248047,59.74,51.85099411010742,38.051177978515625,57.97807312011719,21.45818328857422,123.0999984741211,84.30372619628906,95.94287109375,86.43456268310547,15.243242263793945,24.887659072875977,27.382299423217773,74.55996704101562
2018-06-30,271.28,162.9595489501953,43.091888427734375,57.91,50.063575744628906,36.08574295043945,59.85948181152344,21.272144317626953,118.6500015258789,84.4623794555664,96.551025390625,87.12032318115234,14.947338104248047,24.6298828125,26.806987762451172,74.65541076660156
2018-07-31,281.33,167.87513732910156,45.441123962402344,58.53,51.2568473815918,37.60402297973633,60.777862548828125,22.54800033569336,115.98999786376953,84.02642822265625,95.1693344116211,86.58394622802734,14.5837984085083,24.70339012145996,27.465551376342773,74.75822448730469
2018-08-31,290.31,177.5793914794922,44.1571159362793,58.22,50.6512565612793,36.18737030029297,62.342933654785156,22.63323211669922,113.51000213623047,84.86894989013672,96.42074584960938,87.110107421875,14.693703651428223,24.544313430786133,27.10616111755371,74.8702163696289
2018-09-30,290.72,176.76121520996094,44.01618957519531,60.23,50.28791046142578,35.977813720703125,59.84328842163086,21.841018676757812,112.76000213623047,83.84269714355469,93.65734100341797,86.3289566040039,15.192511558532715,24.362621307373047,26.43576431274414,74.97254943847656
2018-10-31,270.63,161.8580780029297,40.69731140136719,54.84,45.41899490356445,32.82598114013672,58.9068717956543,21.90763282775879,115.1500015258789,83.58792114257812,90.91471099853516,85.23330688476562,14.338621139526367,23.95722007751465,25.446273803710938,75.0938949584961
2018-11-30,275.65,161.42913818359375,40.42223358154297,55.34,45.40283966064453,34.4354248046875,61.6596565246582,22.359233856201172,115.54000091552734,84.68869018554688,92.52141571044922,85.64826965332031,12.926740646362305,24.159160614013672,25.949047088623047,75.2302474975586
2018-12-31,249.92,147.027587890625,38.21366882324219,50.69,41.84199523925781,32.74215316772461,56.08638000488281,20.496389389038086,121.25,86.88874816894531,97.71577453613281,85.90821075439453,12.250391006469727,24.665159225463867,24.678131103515625,75.23028564453125
2019-01-31,269.93,160.73443603515625,41.034645080566406,54.28,45.817264556884766,36.67142105102539,63.484832763671875,22.936767578125,124.75,87.82019805908203,98.5465316772461,87.4029769897461,13.291621208190918,25.06329917907715,27.78141975402832,75.62342071533203
2019-02-28,278.68,165.5423126220703,42.332061767578125,54.36,46.749813079833984,36.109867095947266,63.92628479003906,22.726486206054688,123.98999786376953,87.1754379272461,96.97103118896484,87.25350189208984,13.668445587158203,24.767906188964844,27.37308692932129,75.61515045166016
2019-03-31,282.48,171.7266387939453,42.41118240356445,54.72,46.987037658691406,36.51827621459961,66.14875030517578,22.784318923950195,122.01000213623047,89.50677490234375,102.38894653320312,88.9768295288086,13.617058753967285,24.988935470581055,28.13961410522461,75.75495147705078
2019-04-30,294.02,181.50006103515625,44.32544708251953,55.42,48.51673126220703,37.377628326416016,66.5143814086914,23.58755874633789,121.19999694824219,89.03087615966797,100.3411865234375,89.17357635498047,13.779779434204102,24.842037200927734,27.76250457763672,75.89576721191406
2019-05-31,275.27,166.57138061523438,41.81120681762695,52.72,45.768184661865234,34.63790512084961,66.60638427734375,22.032508850097656,123.33000183105469,91.74886322021484,107.21493530273438,90.70805358886719,12.957616806030273,25.136363983154297,27.62576675415039,76.05848693847656
2019-06-30,293.0,178.8188018798828,43.68098068237305,54.58,46.95431900024414,36.50975799560547,66.99730682373047,22.540172576904297,133.1999969482422,92.86990356445312,108.23865509033203,90.90926361083984,13.471467018127441,25.996904373168945,27.88483238220215,76.19487762451172
2019-07-31,297.43,183.3984832763672,43.30975341796875,54.35,47.019222259521484,35.8107795715332,68.79480743408203,23.647777557373047,133.2100067138672,92.92498779296875,108.52609252929688,91.21813201904297,13.317312240600586,25.663902282714844,27.754566192626953,76.34153747558594
2019-08-31,292.45,179.91476440429688,42.596961975097656,53.92,46.22919845581055,34.4561882019043,71.37199401855469,22.140674591064453,143.75,96.59510040283203,120.5137939453125,93.62188720703125,12.700691223144531,26.1373348236084,28.314897537231445,76.47929382324219
2019-09-30,296.77,181.2007293701172,43.423152923583984,56.74,47.59303283691406,35.0391731262207,72.16914367675781,23.08878517150879,138.8699951171875,95.45890808105469,117.31021881103516,92.75696563720703,12.880537986755371,25.87453269958496,28.7587947845459,76.59221649169922
2019-10-31,303.33,189.51890563964844,45.36180114746094,58.68,49.54731369018555,36.50522232055664,73.5665283203125,24.242326736450195,142.42999267578125,95.65225219726562,116.0063247680664,92.61994171142578,13.128899574279785,26.105274200439453,30.111337661743164,76.74130249023438
2019-11-30,314.31,197.2312469482422,45.948486328125,59.43,50.736515045166016,36.47092056274414,72.60697174072266,24.59520721435547,137.86000061035156,94.99747467041016,115.53472137451172,93.03215789794922,13.111772537231445,25.72251319885254,29.824838638305664,76.82270050048828
2019-12-31,321.86,204.4530792236328,47.749263763427734,59.24,51.79265594482422,38.468505859375,72.3885269165039,24.942480087280273,142.89999389648438,93.98841857910156,111.66465759277344,93.2000732421875,13.659880638122559,26.044872283935547,28.495208740234375,76.83021545410156
2020-01-31,321.73,211.12196350097656,46.538909912109375,57.75,50.841495513916016,36.87343978881836,74.06422424316406,26.382217407226562,149.3300018310547,97.52334594726562,120.65242767333984,95.36518859863281,12.686612129211426,26.20293617248535,30.389892578125,77.11797332763672
2020-02-29,296.26,198.3334503173828,42.834808349609375,52.96,46.301326751708984,35.481163024902344,68.86007690429688,24.167964935302734,148.3800048828125,100.27700805664062,128.43408203125,96.14216613769531,11.84257698059082,26.18482208251953,28.003456115722656,77.11797332763672
2020-03-31,257.75,183.4921112060547,35.46758270263672,49.39,38.04413986206055,29.885787963867188,55.077030181884766,10.699357032775879,148.0500030517578,104.0253677368164,136.64907836914062,94.5529556274414,9.78905200958252,25.20297622680664,20.94586181640625,77.28495788574219
2020-04-30,290.48,211.41738891601562,38.00299835205078,51.76,41.68476104736328,32.08366012573242,60.481422424316406,13.302446365356445,158.8000030517578,104.31260681152344,138.31918334960938,97.27118682861328,9.484503746032715,25.5695858001709,22.124589920043945,77.307861328125
2020-05-31,304.32,225.372802734375,40.22197341918945,55.41,45.053836822509766,33.03812026977539,61.530364990234375,13.67011833190918,162.91000366210938,104.66818237304688,135.90216064453125,97.8100814819336,10.250225067138672,25.805200576782227,22.74070167541504,77.32640075683594
2020-06-30,308.36,239.12538146972656,41.517066955566406,54.92,45.50360107421875,35.01707077026367,62.40448760986328,14.984087944030762,167.3699951171875,104.71822357177734,136.361328125,99.01695251464844,10.71139907836914,26.281740188598633,22.764394760131836,77.33824157714844
2020-07-31,326.52,257.13916015625,43.33197021484375,54.33,47.20345687866211,38.12664794921875,65.3176498413086,16.042509078979492,185.42999267578125,105.6230239868164,142.4251251220703,101.31929016113281,11.2595853805542,27.261232376098633,23.50016975402832,77.34668731689453
2020-08-31,349.31,285.2824401855469,45.20079040527344,58.02,50.67556381225586,39.227561950683594,65.60655212402344,16.39394187927246,184.8300018310547,104.6078872680664,135.24571228027344,102.22093200683594,11.781667709350586,27.378740310668945,24.369367599487305,77.34668731689453
2020-09-30,334.89,268.7969970703125,43.54792404174805,59.07,50.57268524169922,38.83122634887695,63.36752700805664,15.882207870483398,177.1199951171875,104.96025085449219,136.2893524169922,101.83451080322266,11.364002227783203,27.04428482055664,23.691551208496094,77.32979583740234
2020-10-31,326.54,260.61236572265625,41.41981887817383,58.24,48.82377243041992,39.37728500366211,61.94187545776367,16.144577026367188,176.1999969482422,103.518798828125,131.68795776367188,100.81214141845703,11.007245063781738,27.320417404174805,22.968318939208984,77.33824157714844
2020-11-30,362.06,289.8680419921875,48.210384368896484,64.39,55.14213943481445,42.91779708862305,67.93467712402344,19.08795928955078,166.6699981689453,103.87067413330078,133.87413024902344,102.10669708251953,12.12972354888916,27.87928581237793,26.081710815429688,77.32979583740234
2020-12-31,373.88,303.5285339355469,50.3151969909668,67.56,58.59708786010742,45.50713348388672,68.68683624267578,20.037635803222656,178.36000061035156,103.55660247802734,132.0999755859375,103.36261749267578,12.791028022766113,28.53108024597168,27.425216674804688,77.32979583740234
2021-01-31,370.07,304.8734130859375,50.49085235595703,66.99,58.815792083740234,47.43693161010742,69.81669616699219,19.899372100830078,172.61000061035156,102.55621337890625,127.56378936767578,103.76587677001953,13.217395782470703,28.21677017211914,27.248016357421875,77.33232879638672
2021-02-28,380.36,304.4664611816406,51.79330062866211,68.22,60.63839340209961,47.81065368652344,72.20803833007812,21.626968383789062,161.80999755859375,100.06665802001953,120.11135864257812,102.0146713256836,14.55740737915039,27.439075469970703,27.620615005493164,77.3238525390625
2021-03-31,396.33,309.30279541015625,53.28180694580078,68.52,62.055030822753906,47.463626861572266,75.48685455322266,22.5611515045166,159.9600067138672,97.68448638916016,113.80623626708984,101.74714660644531,14.45299243927002,26.680408477783203,27.904115676879883,77.31542205810547
2021-04-30,417.3,327.99566650390625,56.06787109375,67.42,64.40454864501953,48.03311538696289,81.89600372314453,23.99325180053711,165.66000366210938,98.66107940673828,116.62664031982422,102.95513153076172,15.584172248840332,27.137990951538086,29.35614013671875,77.31542205810547
2021-05-31,420.04,324.0557556152344,58.565059661865234,68.58,65.76071166992188,48.82506561279297,82.55724334716797,24.071348190307617,178.3800048828125,99.07733917236328,116.61769104003906,103.83570861816406,16.1845645904541,27.406051635742188,30.275564193725586,77.30693817138672
2021-06-30,428.06,343.9495544433594,57.129600524902344,67.54,64.05904388427734,49.07422637939453,84.13600158691406,24.15593910217285,165.6300048828125,100.08633422851562,121.7744369506836,104.45435333251953,16.750154495239258,26.930028915405273,29.876874923706055,77.29008483886719
2021-07-31,438.51,354.2001037597656,58.83461380004883,67.11,65.77179718017578,46.116363525390625,88.4807357788086,23.906307220458984,169.82000732421875,102.08078002929688,126.31739044189453,107.12238311767578,16.96769142150879,27.308881759643555,31.077898025512695,77.28160095214844
2021-08-31,451.56,369.1427001953125,59.899497985839844,68.4,67.62010192871094,46.84028625488281,90.38704681396484,24.54063606262207,169.69000244140625,101.68024444580078,125.89842224121094,107.00654602050781,16.689245223999023,27.06195640563965,31.19269561767578,77.27314758300781
2021-09-30,429.14,347.778076171875,56.34416961669922,70.25,64.8738021850586,45.02601623535156,84.72640228271484,23.906307220458984,164.22000122070312,100.05262756347656,122.23214721679688,106.06881713867188,17.559385299682617,26.418996810913086,29.109899520874023,77.28160095214844
2021-10-31,459.25,375.5433349609375,59.52104187011719,68.4,66.47798156738281,45.50863265991211,91.33275604248047,24.93317985534668,166.64999389648438,99.60830688476562,125.24533081054688,107.62702178955078,18.57744598388672,26.301591873168945,30.278390884399414,77.27314758300781
2021-11-30,455.56,383.0423583984375,56.61020278930664,66.33,62.70291519165039,43.64968490600586,89.40625762939453,23.471599578857422,165.5,100.69490051269531,128.7159423828125,108.82328796386719,16.950288772583008,26.11823272705078,29.1630859375,77.25624084472656
2021-12-31,474.96,386.9621276855469,58.94233322143555,66.96,63.722957611083984,43.658607482910156,97.17088317871094,22.926828384399414,170.9600067138672,100.06997680664062,125.98929595947266,108.54012298583984,18.08146858215332,26.075483322143555,29.410930633544922,77.25624084472656
2022-01-31,449.91,353.56536865234375,57.42361068725586,64.08,61.05482864379883,44.29844284057617,89.8233642578125,23.2443904876709,168.08999633789062,98.11997985839844,121.34194946289062,107.11383819580078,19.508493423461914,25.432300567626953,28.893720626831055,77.25624084472656
2022-02-28,436.63,337.73992919921875,54.38661575317383,62.94,59.2491569519043,42.384647369384766,86.69511413574219,21.803630828857422,178.3800048828125,97.72773742675781,119.19445037841797,107.65560150146484,20.770193099975586,25.127450942993164,28.38487434387207,77.23936462402344
2022-03-31,451.64,353.06878662109375,54.35171127319336,61.61,59.00899124145508,40.95157241821289,91.62423706054688,22.41423988342285,180.64999389648438,93.76456451416016,112.71269226074219,105.81334686279297,22.675792694091797,24.065824508666992,28.927640914916992,77.25624084472656
2022-04-30,412.0,305.443603515625,51.06996154785156,56.62,54.88174057006836,38.439151763916016,88.35968780517578,20.39606475830078,176.91000366210938,89.77973937988281,102.0697021484375,103.02587890625,23.954898834228516,22.392032623291016,27.09423065185547,77.26639556884766
2022-05-31,412.93,300.5974426269531,52.303192138671875,57.6,55.13969802856445,38.67497253417969,84.21968078613281,21.11981773376465,171.13999938964844,90.32681274414062,99.75275421142578,101.86590576171875,25.059972763061523,22.508501052856445,27.077199935913086,77.29177856445312
2022-06-30,377.25,273.2951965332031,46.19824981689453,52.83,48.55744171142578,36.37116241455078,77.45284271240234,18.431589126586914,168.4600067138672,89.54396057128906,98.47380065917969,98.31968688964844,23.18047523498535,21.46324348449707,24.03644371032715,77.32556915283203
2022-07-31,411.99,308.1897888183594,49.48166275024414,56.15,52.74945068359375,36.55217742919922,84.66206359863281,21.564292907714844,164.10000610351562,92.1711654663086,100.84749603271484,103.23493957519531,22.719303131103516,21.90009307861328,25.808767318725586,77.33488464355469
2022-08-31,395.18,292.37286376953125,45.787940979003906,53.59,49.641204833984375,36.0673828125,79.57171630859375,20.021469116210938,159.27000427246094,88.59822845458984,96.27145385742188,99.95863342285156,22.379947662353516,20.66839027404785,23.924102783203125,77.44738006591797
2022-09-30,357.18,261.1006164550781,41.17523956298828,48.85,44.20405197143555,31.905412673950195,68.58686828613281,14.751920700073242,154.6699981689453,84.401123046875,88.3172607421875,92.95951843261719,20.80500030517578,19.359495162963867,20.74856185913086,77.57192993164062
2022-10-31,386.21,272.0322570800781,44.839141845703125,49.99,46.16142654418945,31.274253845214844,71.7598648071289,17.07630157470703,151.91000366210938,83.15935516357422,83.0269775390625,95.48530578613281,21.857866287231445,19.398134231567383,21.34149932861328,77.68141174316406
2022-11-30,407.68,287.1141357421875,50.887577056884766,55.8,51.652957916259766,36.14970779418945,76.17024993896484,18.473981857299805,164.80999755859375,86.14583587646484,88.95768737792969,97.23543548583984,22.17981719970703,20.97399139404297,23.452966690063477,77.8810806274414
2022-12-31,382.43,260.61065673828125,49.67789077758789,54.44,51.181732177734375,34.66786193847656,71.32747650146484,16.43177604675293,169.63999938964844,84.71290588378906,86.42487335205078,95.53016662597656,21.448902130126953,20.91424560546875,23.35699462890625,77.8880386352539
2023-01-31,406.48,289.03765869140625,54.81988525390625,58.67,55.40459060668945,38.409423828125,79.86030578613281,19.86455726623535,179.41000366210938,88.09241485595703,93.4779281616211,97.9468002319336,21.770994186401367,21.713184356689453,25.12242889404297,78.56403350830078
2023-02-28,396.26,287.9977722167969,53.881248474121094,55.94,53.66470718383789,35.502716064453125,75.17708587646484,18.22429656982422,169.77999877929688,85.02900695800781,88.71549987792969,96.62161254882812,20.799306869506836,20.66632652282715,23.87953758239746,78.5468978881836
2023-03-31,409.39,314.84912109375,55.00941848754883,58.69,53.9275016784668,36.64496994018555,72.82672119140625,16.50844383239746,183.22000122070312,88.20094299316406,93.01885223388672,99.38915252685547,20.781801223754883,21.639249801635742,23.16552734375,78.93026733398438
2023-04-30,415.93,316.9382019042969,57.49835968017578,58.84,55.13273620605469,36.33851623535156,73.78699493408203,16.87183380126953,184.8000030517578,88.92577362060547,93.32694244384766,99.3260726928711,20.624231338500977,21.58430290222168,24.35383415222168,79.1158676147461
2023-05-31,417.85,341.9249267578125,54.554141998291016,59.34,52.7313232421875,35.465572357177734,70.86385345458984,16.32365608215332,182.32000732421875,87.60993957519531,90.51387023925781,97.74388885498047,19.302387237548828,21.022947311401367,22.628252029418945,79.42900848388672
2023-06-30,443.28,362.9814147949219,55.8948974609375,61.9,53.44721603393555,36.73783493041992,74.01729583740234,17.968198776245117,178.27000427246094,86.51283264160156,90.69828796386719,97.6343765258789,19.871395111083984,21.194095611572266,22.032302856445312,79.7791748046875
2023-07-31,457.79,377.5099792480469,58.53303527832031,63.42,56.49030685424805,39.26253890991211,76.37596893310547,19.16002655029297,182.35000610351562,85.94599914550781,88.38624572753906,97.49881744384766,21.60466957092285,21.404203414916992,23.824859619140625,80.08554077148438
2023-08-31,450.35,371.9114990234375,56.16368865966797,61.64,54.53664016723633,36.66063690185547,73.79605102539062,18.808971405029297,180.02000427246094,85.3070297241211,85.60497283935547,96.9611587524414,21.525882720947266,20.886985778808594,22.90155792236328,80.4647445678711
2023-09-30,427.48,352.5086364746094,53.40713119506836,60.29,52.03927230834961,35.51879119873047,67.77628326416016,17.42813491821289,171.4499969482422,82.6273193359375,78.77930450439453,95.0089340209961,21.849777221679688,20.048933029174805,21.52565574645996,80.77639770507812
2023-10-31,418.2,345.7274169921875,51.98229217529297,58.96,49.58798599243164,34.34886932373047,65.95731353759766,15.852678298950195,184.08999633789062,81.0299072265625,74.46299743652344,94.45382690429688,21.455852508544922,19.765979766845703,20.991424560546875,81.13410949707031
2023-11-30,456.4,383.1309814453125,57.056453704833984,62.61,53.96528625488281,37.025657653808594,73.92610168457031,18.16303062438965,188.75,84.70594024658203,81.83086395263672,96.80937957763672,20.930618286132812,20.968740463256836,23.01370620727539,81.5014877319336
2023-12-31,475.31,403.51776123046875,59.70463943481445,64.14,57.0432243347168,37.634010314941406,79.92304229736328,18.85853385925293,191.1699981689453,87.65187072753906,88.67647552490234,99.36302185058594,19.29363441467285,21.976394653320312,24.971925735473633,81.46415710449219
2024-01-31,482.88,411.895751953125,59.400779724121094,66.21,56.33894729614258,36.61011505126953,76.81562042236328,18.826932907104492,188.4499969482422,88.21026611328125,87.240234375,99.93901824951172,20.50806999206543,21.35923957824707,23.693513870239258,82.56610107421875
2024-02-29,508.08,433.6576843261719,60.82775115966797,69.12,57.21704864501953,38.13593292236328,78.33564758300781,18.58567237854004,189.30999755859375,86.16183471679688,85.00191497802734,98.89192962646484,20.195810317993164,21.093088150024414,22.86667251586914,82.56610107421875
2024-03-31,523.07,438.6066589355469,62.80497360229492,71.35,59.16009521484375,39.17539596557617,79.18721771240234,19.334421157836914,205.72000122070312,86.7765121459961,85.67379760742188,99.53130340576172,21.095849990844727,21.176424026489258,23.96912384033203,82.95103454589844
2024-04-30,501.98,419.9776306152344,61.5400505065918,67.27,57.14231491088867,39.08957290649414,73.51956939697266,18.25564956665039,211.8699951171875,84.0376205444336,80.12989807128906,97.7892074584961,21.4356632232666,20.409709930419922,22.928504943847656,83.26405334472656
2024-05-31,527.37,445.8138732910156,65.50703430175781,68.97,60.28107833862305,39.852481842041016,76.87186431884766,18.799222946166992,215.3000030517578,85.5462646484375,82.42720031738281,98.93324279785156,21.371374130249023,20.70072364807129,23.40984535217285,83.66036987304688
2024-06-30,544.22,473.90533447265625,62.6185302734375,68.24,57.58136749267578,40.615386962890625,77.35208892822266,18.5316219329834,215.00999450683594,86.58647918701172,83.93226623535156,99.66190338134766,21.334636688232422,20.50403594970703,22.215749740600586,83.9789047241211
2024-07-31,550.81,466.6933288574219,65.1834945678711,70.97,61.3884391784668,41.24150848388672,84.53126525878906,20.19377899169922,226.5500030517578,89.0888900756836,86.99943542480469,101.66123962402344,20.7376708984375,21.294294357299805,23.945232391357422,84.36934661865234
2024-08-31,563.68,471.844970703125,67.5352783203125,71.97,62.534912109375,41.644798278808594,88.94435119628906,20.57059669494629,231.2899932861328,90.29100036621094,88.8226547241211,102.73008728027344,20.306018829345703,21.942441940307617,25.474048614501953,84.74968719482422
2024-09-30,573.76,483.535400390625,67.69715118408203,71.54,64.14566040039062,44.03575134277344,91.08545684814453,20.32223892211914,243.05999755859375,91.54307556152344,90.60572814941406,104.40680694580078,20.452964782714844,22.459775924682617,25.858596801757812,85.11317443847656
2024-10-31,568.64,480.0281982421875,64.11909484863281,68.07,60.128265380859375,42.68184280395508,88.76942443847656,19.634727478027344,253.50999450683594,88.44679260253906,85.66525268554688,102.39358520507812,20.746854782104492,21.368511199951172,23.81916046142578,85.47252655029297
2024-11-30,602.55,505.7136535644531,62.99285888671875,69.69,60.62096405029297,41.5391731262207,92.55026245117188,20.34409523010254,245.58999633789062,89.33412170410156,87.3550796508789,102.93268585205078,20.33357048034668,21.413894653320312,23.458980560302734,85.8006362915039
2024-12-31,586.08,507.19195556640625,60.5781364440918,67.1,57.560543060302734,40.15645980834961,83.98917388916016,18.69765281677246,242.1300048828125,87.03157043457031,81.4565200805664,100.92403411865234,19.63558006286621,20.668903350830078,21.83818244934082,85.80899810791016
2025-01-31,601.82,519.0,65.15489196777344,68.31,60.449867248535156,41.71317672729492,86.20117950439453,20.366291046142578,258.55999755859375,88.12722778320312,82.4610366821289,102.63858795166016,21.25465202331543,20.746910095214844,22.770362854003906,86.78742218017578
2025-02-28,594.18,504.9690856933594,67.76107788085938,68.47,60.759071350097656,42.191627502441406,89.39028930664062,21.558420181274414,263.2699890136719,90.30624389648438,86.84904479980469,104.85272979736328,21.283676147460938,20.99886131286621,23.057144165039062,86.75904846191406
2025-03-31,559.39,465.96630859375,67.77073669433594,68.56,61.38714599609375,42.670082092285156,86.191650390625,20.420894622802734,288.1400146484375,90.64205932617188,85.83876037597656,105.5654296875,21.767396926879883,21.221633911132812,23.40127944946289,87.0779037475586
2025-04-30,554.54,473.1795959472656,70.66266632080078,71.43,64.25697326660156,42.728668212890625,84.95158386230469,19.467987060546875,303.7699890136719,91.57152557373047,84.63327026367188,105.02376556396484,19.900236129760742,22.44121551513672,25.159128189086914,87.34362030029297
2025-05-31,589.39,516.6093139648438,74.39398956298828,74.12,68.2476577758789,44.44718933105469,85.90372467041016,19.248525619506836,303.6000061035156,90.43002319335938,81.90902709960938,104.52203369140625,20.20014190673828,22.344953536987305,25.881813049316406,87.66944885253906
2025-06-30,617.85,548.9827270507812,75.11117553710938,74.97,70.228515625,47.10308837890625,85.65365600585938,19.550281524658203,304.8299865722656,91.8768310546875,84.08750915527344,105.75121307373047,21.099863052368164,22.914438247680664,26.40214729309082,87.95911407470703
2025-07-31,632.08,562.9197998046875,74.39703369140625,73.62,71.02295684814453,47.874881744384766,86.5728530883789,20.305278778076172,302.9599914550781,91.34162139892578,83.12855529785156,105.6595687866211,21.719024658203125,22.067140579223633,25.86916732788086,88.2823715209961
2025-08-31,645.05,568.2898559570312,77.1998291015625,78.28,74.12242126464844,49.15653991699219,89.58357238769531,21.4119873046875,318.07000732421875,92.83846282958984,83.13148498535156,107.47586059570312,21.48683738708496,22.51690101623535,27.124670028686523,88.59715270996094
2025-09-30,666.18,598.1489868164062,78.4782943725586,80.21,75.25039672851562,52.6465950012207,88.78718566894531,20.605403900146484,355.4700012207031,93.44203186035156,86.11849975585938,107.78365325927734,21.796419143676758,22.562868118286133,27.066272735595703,88.88690185546875
2025-10-31,682.06,627.4693603515625,79.17761993408203,83.45,74.75016021728516,54.5197868347168,87.43894958496094,20.92046546936035,368.1199951171875,94.12723541259766,87.33580017089844,108.3451156616211,22.13502311706543,22.339763641357422,27.122568130493164,89.20960235595703
2025-11-30,683.39,617.6743774414062,80.39041900634766,83.01,75.98603057861328,53.55361557006836,89.55677032470703,21.925336837768555,387.8800048828125,95.04866027832031,87.56214904785156,108.4214096069336,22.309162139892578,22.21324920654297,27.692949295043945,89.47401428222656
2025-12-31,681.92,612.7468872070312,82.44135284423828,80.74,76.04487609863281,53.9381103515625,86.76241302490234,21.22671127319336,396.30999755859375,94.03753662109375,84.90729522705078,107.45413970947266,21.631956100463867,22.225757598876953,27.535602569580078,89.43765258789062
